Acct,Email,Tier
802618095,,Star
802618096,,Legend
802618097,,Icon
802618098,,XCARD
802618099,,Star
802618100,,Legend
802618101,,Icon
660302931,,Legend
550296941,,Star
703039411,,Star
807651715,,Star
807651716,,Icon
807651717,,Legend
807651719,,Xcard
807879400,,Star
807879412,,Star
807879413,,Star
807879414,,Star
807879415,,Star
807879416,,Star
807879419,,Star
807879420,,Star
807879423,,Star
807879424,,Star
807879425,,Star
807879464,,Star
807879466,,Star
807879468,,Star
807879469,,Star
807879472,,Star
807879473,,Star
807879475,,Star
807879476,,Star
807879482,,Star
807879484,,Star
807879486,,Star
807879487,,Star
807879488,,Star
807879489,,Star
807879769,,Star
807879771,,Star
807879774,,Star
807879779,,Star
807879785,,Star
807879789,,Star
807879798,,Star
807879800,,Star
807879803,,Star
807879810,,Star
807879811,,Star
807879812,,Star
807879813,,Star
807879814,,Star
807879815,,Star
807879816,,Star
807879817,,Star
807879818,,Star
807879819,,Star
807879820,,Star
807879831,,Star
807879822,,Star
807879823,,Star
807879825,,Star
807879832,,Star
807879833,,Star
807879834,,Star
807879835,,Star
807879836,,Star
807879837,,Star
807879838,,Star
807879839,,Star
807879840,,Star
807879841,,Star
807879842,,Star
807879843,,Star
807879844,,Star
807879845,,Star
807879846,,Star
807879847,,Star
807879848,,Star
807879849,,Star
807879850,,Star
807879851,,Star
807879852,,Star
807879853,,Star
807879854,,Star
807879855,,Star
807879856,,Star
807879857,,Star
807879408,,Legend
807879407,,Legend
807879410,,Legend
807879411,,Legend
807879426,,Legend
807879428,,Legend
807879429,,Legend
807879430,,Legend
807879431,,Legend
807879432,,Legend
807879433,,Legend
807879434,,Legend
807879435,,Legend
807879436,,Legend
807879437,,Legend
807879441,,Legend
807879536,,Legend
807879445,,Legend
807879446,,Legend
807879447,,Legend
807879448,,Legend
807879450,,Legend
807879452,,Legend
807879453,,Legend
807879454,,Legend
807879455,,Legend
807879457,,Legend
807879458,,Legend
807879459,,Legend
807879460,,Legend
807879461,,Legend
807879462,,Legend
807879463,,Legend
807879465,,Legend
807879467,,Legend
807879470,,Legend
807879474,,Legend
807879479,,Legend
807879481,,Legend
807879483,,Legend
807879485,,Legend
807879490,,Legend
807879492,,Legend
807879493,,Legend
807879494,,Legend
807879495,,Legend
807879496,,Legend
807879497,,Legend
807879499,,Legend
807879503,,Legend
807879504,,Legend
807879505,,Legend
807879506,,Legend
807879507,,Legend
807879508,,Legend
807879510,,Legend
807879511,,Legend
807879512,,Legend
807879544,,Legend
807879514,,Legend
807879515,,Legend
807879516,,Legend
807879518,,Legend
807879520,,Legend
807879545,,Legend
807879523,,Legend
807879524,,Legend
807879525,,Legend
807879526,,Legend
807879527,,Legend
807879529,,Legend
807879530,,Legend
807879531,,Legend
807879533,,Legend
807879535,,Legend
807879782,,Xcard
807879784,,Xcard
807879786,,Xcard
807879787,,Xcard
807879788,,Xcard
807879790,,Xcard
807879791,,Xcard
807879792,,Xcard
807879793,,Xcard
807879794,,Xcard
807879795,,Xcard
807879796,,Xcard
807879797,,Xcard
807879799,,Xcard
807879801,,Xcard
807879802,,Xcard
807879804,,Xcard
807879805,,Xcard
807879806,,Xcard
807879807,,Xcard
807879808,,Xcard
807879809,,Xcard
807879548,,Icon
807879549,,Icon
807879551,,Icon
807879552,,Icon
807879553,,Icon
807879556,,Icon
807879557,,Icon
807879558,,Icon
807879559,,Icon
807879561,,Icon
807879563,,Icon
807879564,,Icon
807879565,,Icon
807879566,,Icon
807879567,,Icon
807879570,,Icon
807879571,,Icon
807879572,,Icon
807879573,,Icon
807879574,,Icon
807879576,,Icon
807879577,,Icon
807879578,,Icon
807879579,,Icon
807879580,,Icon
807879581,,Icon
807879582,,Icon
807879584,,Icon
807879585,,Icon
807879586,,Icon
807879587,,Icon
807879588,,Icon
807879589,,Icon
807879592,,Icon
807879600,,Icon
807879601,,Icon
807879603,,Icon
807879604,,Icon
807879605,,Icon
807879606,,Icon
807879607,,Icon
807879608,,Icon
807879610,,Icon
807879612,,Icon
807879613,,Icon
807879614,,Icon
807879615,,Icon
807879616,,Icon
807879617,,Icon
807879619,,Icon
807879620,,Icon
807879723,,Icon
807879622,,Icon
807879623,,Icon
807879625,,Icon
807879626,,Icon
807879627,,Icon
807879628,,Icon
807879629,,Icon
807879630,,Icon
807879631,,Icon
807879632,,Icon
807879633,,Icon
807879635,,Icon
807879636,,Icon
807879637,,Icon
807879639,,Icon
807879640,,Icon
807879641,,Icon
807879643,,Icon
807879644,,Icon
807879645,,Icon
807879646,,Icon
807879647,,Icon
807879649,,Icon
807879724,,Icon
807879725,,Icon
807879726,,Icon
807879727,,Icon
807879728,,Icon
807879729,,Icon
807879730,,Icon
807879731,,Icon
807879732,,Icon
807879733,,Icon
807879734,,Icon
807879735,,Icon
807879736,,Icon
807879737,,Icon
807879738,,Icon
807879739,,Icon
807879740,,Icon
807879741,,Icon
807879742,,Icon
807879743,,Icon
807879744,,Icon
807879745,,Icon
807879746,,Icon
807879747,,Icon
807879748,,Icon
807879749,,Icon
807879750,,Icon
807879751,,Icon
807879752,,Icon
807879753,,Icon
807879754,,Icon
807879755,,Icon
807879756,,Icon
807879757,,Icon
807879758,,Icon
807879759,,Icon
807879760,,Icon
807879761,,Icon
807879762,,Icon
807879763,,Icon
